{
  "CAMERA_MID":
  {
    "filepath_name": "images_mid",
    "camera_intrinsics":
            [
            [1247.28,       0,      1018.813775],
            [0,           1248.9,      791.639733],
            [0,0,1]
            ],
    "distortion":
            [
              -0.0964,  
              0.1077,
              0,
              0,
              0
            ],
    "lidar2sensor_rotation":
            [
              [0.999242,  0.0545836, -0.0171112],
              [0.0261149,  -0.485435,  -0.874004],
              [-0.0952083,   0.869985,  -0.485393 ]
            ],
    "lidar2sensor_translation":
          [
            0.55781,
            -0.280544,
            0.362354
          ],
    "sensor2ego_translation":
            [
              0,
              0,
              0
            ],
    "sensor2ego_rotation":
            [
              0,
              0,
              0,
              0
            ],
    "ego2global_translation": [0,0,0],
    "ego2global_rotation": [1,0,0,0],
    "sensor2lidar_rotation":
            [
              [0.998813,    0.0197262,     -0.103217],
              [0.0584824,  -0.485885,     0.869297 ],
              [-0.0266231 ,  -0.873922,    -0.484989]
            ],
    "sensor2lidar_translation":
            [
              -0.393527,
              0.324361,
              -0.12703
            ]
  },
  "CAMERA_LEFT":
  {
    "filepath_name": "images_left",
    "camera_intrinsics":
            [
              [1152.4, 0, 959.409],
              [0, 1147.4, 550.065],
              [0, 0, 1.0]
            ],
    "distortion":
            [
              -0.3341,
              0.1085,
              0.000413,
              0.00070638,
              0
            ],
    "sensor2ego_translation":
            [
              -1.164671524,
              -0.675586899,
              1.656047405
            ],
    "sensor2ego_rotation":
            [
              0.28990750107414764,
              -0.3900958213055454,
              0.6956666233623932,
              -0.5289866162394485
            ],
    "ego2global_translation": [0,0,0],
    "ego2global_rotation": [1,0,0,0],
    "sensor2lidar_rotation":
            [
              [0.9998064,   0.02342684,     -0.08466126],
              [0.04405332,  -0.48420038,    0.87176443 ],
              [-0.01424601,  -0.87476464,    -0.484153 ]
            ],
    "sensor2lidar_translation":
            [
              0.38818927, 
              -0.37210085,  
              0.29775049
            ]
  },
  "CAMERA_RIGHT":
  {
    "filepath_name": "images_right",
    "camera_intrinsics":
            [
              [1152.4, 0, 959.409],
              [0, 1147.4, 550.065],
              [0, 0, 1.0]
            ],
    "distortion":
            [
              -0.3341,
              0.1085,
              0.000413,
              0.00070638,
              0
            ],
    "sensor2ego_translation":
            [
              -0.064671524,
              -0.075586899,
              0.656047405
            ],
    "sensor2ego_rotation":
            [
              -0.19037058715262808,
              0.26375385208580293,
              0.7679679786853663,
              -0.5517409979066054
            ],
    "ego2global_translation": [0,0,0],
    "ego2global_rotation": [1,0,0,0],
    "sensor2lidar_rotation":
            [
              [-0.78838589,  0.19503851, -0.58344466],
              [ 0.61517954,  0.25203155, -0.74701689],
              [ 0.0013494 , -0.94786079, -0.31868182]
            ],
    "sensor2lidar_translation":
            [
              -0.064671524,
              -0.075586899,
              0.656047405
            ]
  }
}
